"state_group","location","path","url"
"Arizona","Ahwatukee Foothills, Phoenix","/orthopedic-surgeons/ahwatukee-foothills-phoenix-az-220850pm","https://www.zocdoc.com/orthopedic-surgeons/ahwatukee-foothills-phoenix-az-220850pm"
"Arizona","Apache Junction","/orthopedic-surgeons/apache-junction-az-221871pm","https://www.zocdoc.com/orthopedic-surgeons/apache-junction-az-221871pm"
"Arizona","Avondale","/orthopedic-surgeons/avondale-220543pm","https://www.zocdoc.com/orthopedic-surgeons/avondale-220543pm"
"Arizona","Chandler","/orthopedic-surgeons/chandler-221262pm","https://www.zocdoc.com/orthopedic-surgeons/chandler-221262pm"
"Arizona","Gilbert","/orthopedic-surgeons/gilbert-221590pm","https://www.zocdoc.com/orthopedic-surgeons/gilbert-221590pm"
"Arizona","Glendale","/orthopedic-surgeons/glendale-az-220467pm","https://www.zocdoc.com/orthopedic-surgeons/glendale-az-220467pm"
"Arizona","Goodyear","/orthopedic-surgeons/goodyear-220452pm","https://www.zocdoc.com/orthopedic-surgeons/goodyear-220452pm"
"Arizona","Mesa","/orthopedic-surgeons/mesa-221500pm","https://www.zocdoc.com/orthopedic-surgeons/mesa-221500pm"
"Arizona","Peoria","/orthopedic-surgeons/peoria-220484pm","https://www.zocdoc.com/orthopedic-surgeons/peoria-220484pm"
"Arizona","Phoenix","/orthopedic-surgeons/phoenix-220419pm","https://www.zocdoc.com/orthopedic-surgeons/phoenix-220419pm"
"Arizona","Queen Creek","/orthopedic-surgeons/queen-creek-az-221821pm","https://www.zocdoc.com/orthopedic-surgeons/queen-creek-az-221821pm"
"Arizona","Scottsdale","/orthopedic-surgeons/scottsdale-221304pm","https://www.zocdoc.com/orthopedic-surgeons/scottsdale-221304pm"
"Arizona","Surprise","/orthopedic-surgeons/surprise-220428pm","https://www.zocdoc.com/orthopedic-surgeons/surprise-220428pm"
"Arizona","Tempe","/orthopedic-surgeons/tempe-221264pm","https://www.zocdoc.com/orthopedic-surgeons/tempe-221264pm"
"California","Anaheim","/orthopedic-surgeons/anaheim-23094pm","https://www.zocdoc.com/orthopedic-surgeons/anaheim-23094pm"
"California","Bay Area","/orthopedic-surgeons/bay-area-219630pm","https://www.zocdoc.com/orthopedic-surgeons/bay-area-219630pm"
"California","Berkeley","/orthopedic-surgeons/berkeley-60182pm","https://www.zocdoc.com/orthopedic-surgeons/berkeley-60182pm"
"California","Beverly Hills","/orthopedic-surgeons/beverly-hills-26050pm","https://www.zocdoc.com/orthopedic-surgeons/beverly-hills-26050pm"
"California","Burbank","/orthopedic-surgeons/burbank-12366pm","https://www.zocdoc.com/orthopedic-surgeons/burbank-12366pm"
"California","Chula Vista","/orthopedic-surgeons/chula-vista-223976pm","https://www.zocdoc.com/orthopedic-surgeons/chula-vista-223976pm"
"California","Corona","/orthopedic-surgeons/corona-5606pm","https://www.zocdoc.com/orthopedic-surgeons/corona-5606pm"
"California","Culver City","/orthopedic-surgeons/culver-city-ca-70584pm","https://www.zocdoc.com/orthopedic-surgeons/culver-city-ca-70584pm"
"California","Daly City","/orthopedic-surgeons/daly-city-ca-93204pm","https://www.zocdoc.com/orthopedic-surgeons/daly-city-ca-93204pm"
"California","Downey","/orthopedic-surgeons/downey-64716pm","https://www.zocdoc.com/orthopedic-surgeons/downey-64716pm"
"California","El Cajon","/orthopedic-surgeons/el-cajon-79165pm","https://www.zocdoc.com/orthopedic-surgeons/el-cajon-79165pm"
"California","Escondido","/orthopedic-surgeons/escondido-223967pm","https://www.zocdoc.com/orthopedic-surgeons/escondido-223967pm"
"California","Fontana","/orthopedic-surgeons/fontana-177851pm","https://www.zocdoc.com/orthopedic-surgeons/fontana-177851pm"
"California","Fremont","/orthopedic-surgeons/fremont-ca-209199pm","https://www.zocdoc.com/orthopedic-surgeons/fremont-ca-209199pm"
"California","Glendale","/orthopedic-surgeons/glendale-ca-12374pm","https://www.zocdoc.com/orthopedic-surgeons/glendale-ca-12374pm"
"California","Hayward","/orthopedic-surgeons/hayward-208948pm","https://www.zocdoc.com/orthopedic-surgeons/hayward-208948pm"
"California","Huntington Beach","/orthopedic-surgeons/huntington-beach-56244pm","https://www.zocdoc.com/orthopedic-surgeons/huntington-beach-56244pm"
"California","Irvine","/orthopedic-surgeons/irvine-26198pm","https://www.zocdoc.com/orthopedic-surgeons/irvine-26198pm"
"California","La Mesa","/orthopedic-surgeons/la-mesa-5387pm","https://www.zocdoc.com/orthopedic-surgeons/la-mesa-5387pm"
"California","Long Beach","/orthopedic-surgeons/long-beach-ca-71029pm","https://www.zocdoc.com/orthopedic-surgeons/long-beach-ca-71029pm"
"California","Los Angeles","/orthopedic-surgeons/los-angeles-13122pm","https://www.zocdoc.com/orthopedic-surgeons/los-angeles-13122pm"
"California","Mission Viejo","/orthopedic-surgeons/mission-viejo-33068pm","https://www.zocdoc.com/orthopedic-surgeons/mission-viejo-33068pm"
"California","Newport Beach","/orthopedic-surgeons/newport-beach-8580pm","https://www.zocdoc.com/orthopedic-surgeons/newport-beach-8580pm"
"California","North Hollywood","/orthopedic-surgeons/north-hollywood-ca-29983pm","https://www.zocdoc.com/orthopedic-surgeons/north-hollywood-ca-29983pm"
"California","Oakland","/orthopedic-surgeons/oakland-55119pm","https://www.zocdoc.com/orthopedic-surgeons/oakland-55119pm"
"California","Orange County","/orthopedic-surgeons/orange-county-50933pm","https://www.zocdoc.com/orthopedic-surgeons/orange-county-50933pm"
"California","Pasadena","/orthopedic-surgeons/pasadena-ca-23060pm","https://www.zocdoc.com/orthopedic-surgeons/pasadena-ca-23060pm"
"California","Pleasanton","/orthopedic-surgeons/pleasanton-ca-209353pm","https://www.zocdoc.com/orthopedic-surgeons/pleasanton-ca-209353pm"
"California","Rancho Cucamonga","/orthopedic-surgeons/rancho-cucamonga-25232pm","https://www.zocdoc.com/orthopedic-surgeons/rancho-cucamonga-25232pm"
"California","Redwood City","/orthopedic-surgeons/redwood-city-ca-69676pm","https://www.zocdoc.com/orthopedic-surgeons/redwood-city-ca-69676pm"
"California","San Diego","/orthopedic-surgeons/san-diego-223791pm","https://www.zocdoc.com/orthopedic-surgeons/san-diego-223791pm"
"California","San Fernando","/orthopedic-surgeons/san-fernando-44293pm","https://www.zocdoc.com/orthopedic-surgeons/san-fernando-44293pm"
"California","San Francisco","/orthopedic-surgeons/san-francisco-6785pm","https://www.zocdoc.com/orthopedic-surgeons/san-francisco-6785pm"
"California","San Leandro","/orthopedic-surgeons/san-leandro-ca-208967pm","https://www.zocdoc.com/orthopedic-surgeons/san-leandro-ca-208967pm"
"California","San Marcos","/orthopedic-surgeons/san-marcos-ca-223879pm","https://www.zocdoc.com/orthopedic-surgeons/san-marcos-ca-223879pm"
"California","San Mateo","/orthopedic-surgeons/san-mateo-208782pm","https://www.zocdoc.com/orthopedic-surgeons/san-mateo-208782pm"
"California","San Rafael","/orthopedic-surgeons/san-rafael-ca-208421pm","https://www.zocdoc.com/orthopedic-surgeons/san-rafael-ca-208421pm"
"California","San Ramon","/orthopedic-surgeons/san-ramon-ca-209227pm","https://www.zocdoc.com/orthopedic-surgeons/san-ramon-ca-209227pm"
"California","Santa Ana","/orthopedic-surgeons/santa-ana-91130pm","https://www.zocdoc.com/orthopedic-surgeons/santa-ana-91130pm"
"California","Santa Clarita","/orthopedic-surgeons/santa-clarita-87241pm","https://www.zocdoc.com/orthopedic-surgeons/santa-clarita-87241pm"
"California","Santa Monica","/orthopedic-surgeons/santa-monica-51570pm","https://www.zocdoc.com/orthopedic-surgeons/santa-monica-51570pm"
"California","Sherman Oaks, Los Angeles","/orthopedic-surgeons/sherman-oaks-los-angeles-ca-214803pm","https://www.zocdoc.com/orthopedic-surgeons/sherman-oaks-los-angeles-ca-214803pm"
"California","Simi Valley","/orthopedic-surgeons/simi-valley-74181pm","https://www.zocdoc.com/orthopedic-surgeons/simi-valley-74181pm"
"California","Temecula","/orthopedic-surgeons/temecula-ca-72505pm","https://www.zocdoc.com/orthopedic-surgeons/temecula-ca-72505pm"
"California","Thousand Oaks","/orthopedic-surgeons/thousand-oaks-17120pm","https://www.zocdoc.com/orthopedic-surgeons/thousand-oaks-17120pm"
"California","Torrance","/orthopedic-surgeons/torrance-28544pm","https://www.zocdoc.com/orthopedic-surgeons/torrance-28544pm"
"California","Vallejo","/orthopedic-surgeons/vallejo-ca-62033pm","https://www.zocdoc.com/orthopedic-surgeons/vallejo-ca-62033pm"
"California","Walnut Creek","/orthopedic-surgeons/walnut-creek-60002pm","https://www.zocdoc.com/orthopedic-surgeons/walnut-creek-60002pm"
"California","West Covina","/orthopedic-surgeons/west-covina-244100pm","https://www.zocdoc.com/orthopedic-surgeons/west-covina-244100pm"
"California","West Hollywood","/orthopedic-surgeons/west-hollywood-86194pm","https://www.zocdoc.com/orthopedic-surgeons/west-hollywood-86194pm"
"California","West LA, Los Angeles","/orthopedic-surgeons/west-la-los-angeles-ca-44225pm","https://www.zocdoc.com/orthopedic-surgeons/west-la-los-angeles-ca-44225pm"
"California","Whittier","/orthopedic-surgeons/whittier-34068pm","https://www.zocdoc.com/orthopedic-surgeons/whittier-34068pm"
"California","Woodland Hills","/orthopedic-surgeons/woodland-hills-ca-43480pm","https://www.zocdoc.com/orthopedic-surgeons/woodland-hills-ca-43480pm"
"Colorado","Arvada","/orthopedic-surgeons/arvada-228131pm","https://www.zocdoc.com/orthopedic-surgeons/arvada-228131pm"
"Colorado","Aurora","/orthopedic-surgeons/aurora-co-228584pm","https://www.zocdoc.com/orthopedic-surgeons/aurora-co-228584pm"
"Colorado","Castle Rock","/orthopedic-surgeons/castle-rock-228561pm","https://www.zocdoc.com/orthopedic-surgeons/castle-rock-228561pm"
"Colorado","Denver","/orthopedic-surgeons/denver-228319pm","https://www.zocdoc.com/orthopedic-surgeons/denver-228319pm"
"Colorado","Grand Junction","/orthopedic-surgeons/grand-junction-co-277302pm","https://www.zocdoc.com/orthopedic-surgeons/grand-junction-co-277302pm"
"Colorado","Lakewood","/orthopedic-surgeons/lakewood-co-228206pm","https://www.zocdoc.com/orthopedic-surgeons/lakewood-co-228206pm"
"Colorado","Littleton","/orthopedic-surgeons/littleton-co-228296pm","https://www.zocdoc.com/orthopedic-surgeons/littleton-co-228296pm"
"Colorado","Parker","/orthopedic-surgeons/parker-228619pm","https://www.zocdoc.com/orthopedic-surgeons/parker-228619pm"
"Colorado","Thornton","/orthopedic-surgeons/thornton-228447pm","https://www.zocdoc.com/orthopedic-surgeons/thornton-228447pm"
"Connecticut","Bridgeport","/orthopedic-surgeons/bridgeport-41953pm","https://www.zocdoc.com/orthopedic-surgeons/bridgeport-41953pm"
"Connecticut","Connecticut","/orthopedic-surgeons/connecticut-ct-219279pm","https://www.zocdoc.com/orthopedic-surgeons/connecticut-ct-219279pm"
"Connecticut","Danbury","/orthopedic-surgeons/danbury-50615pm","https://www.zocdoc.com/orthopedic-surgeons/danbury-50615pm"
"Connecticut","Fairfield","/orthopedic-surgeons/fairfield-ct-30503pm","https://www.zocdoc.com/orthopedic-surgeons/fairfield-ct-30503pm"
"Connecticut","Greenwich","/orthopedic-surgeons/greenwich-31698pm","https://www.zocdoc.com/orthopedic-surgeons/greenwich-31698pm"
"Connecticut","Hartford","/orthopedic-surgeons/hartford-ct-51965pm","https://www.zocdoc.com/orthopedic-surgeons/hartford-ct-51965pm"
"Connecticut","Milford","/orthopedic-surgeons/milford-53281pm","https://www.zocdoc.com/orthopedic-surgeons/milford-53281pm"
"Connecticut","Norwalk","/orthopedic-surgeons/norwalk-ct-39828pm","https://www.zocdoc.com/orthopedic-surgeons/norwalk-ct-39828pm"
"Connecticut","Stamford","/orthopedic-surgeons/stamford-35375pm","https://www.zocdoc.com/orthopedic-surgeons/stamford-35375pm"
"Connecticut","Waterbury","/orthopedic-surgeons/waterbury-40465pm","https://www.zocdoc.com/orthopedic-surgeons/waterbury-40465pm"
"Connecticut","West Hartford","/orthopedic-surgeons/west-hartford-15590pm","https://www.zocdoc.com/orthopedic-surgeons/west-hartford-15590pm"
"Connecticut","Westport","/orthopedic-surgeons/westport-ct-18803pm","https://www.zocdoc.com/orthopedic-surgeons/westport-ct-18803pm"
"District of Columbia","George Washington University, Washington","/orthopedic-surgeons/george-washington-university-washington-dc-158110pm","https://www.zocdoc.com/orthopedic-surgeons/george-washington-university-washington-dc-158110pm"
"District of Columbia","Washington","/orthopedic-surgeons/washington-34993pm","https://www.zocdoc.com/orthopedic-surgeons/washington-34993pm"
"Florida","Aventura","/orthopedic-surgeons/aventura-fl-222980pm","https://www.zocdoc.com/orthopedic-surgeons/aventura-fl-222980pm"
"Florida","Boca Raton","/orthopedic-surgeons/boca-raton-222934pm","https://www.zocdoc.com/orthopedic-surgeons/boca-raton-222934pm"
"Florida","Boynton Beach","/orthopedic-surgeons/boynton-beach-223048pm","https://www.zocdoc.com/orthopedic-surgeons/boynton-beach-223048pm"
"Florida","Bradenton","/orthopedic-surgeons/bradenton-225823pm","https://www.zocdoc.com/orthopedic-surgeons/bradenton-225823pm"
"Florida","Brandon","/orthopedic-surgeons/brandon-226291pm","https://www.zocdoc.com/orthopedic-surgeons/brandon-226291pm"
"Florida","Broward, Florida","/orthopedic-surgeons/broward-florida-222701pm","https://www.zocdoc.com/orthopedic-surgeons/broward-florida-222701pm"
"Florida","Clearwater","/orthopedic-surgeons/clearwater-225588pm","https://www.zocdoc.com/orthopedic-surgeons/clearwater-225588pm"
"Florida","Coconut Creek","/orthopedic-surgeons/coconut-creek-222878pm","https://www.zocdoc.com/orthopedic-surgeons/coconut-creek-222878pm"
"Florida","Coral Gables","/orthopedic-surgeons/coral-gables-218426pm","https://www.zocdoc.com/orthopedic-surgeons/coral-gables-218426pm"
"Florida","Coral Springs","/orthopedic-surgeons/coral-springs-222755pm","https://www.zocdoc.com/orthopedic-surgeons/coral-springs-222755pm"
"Florida","Davie","/orthopedic-surgeons/davie-222723pm","https://www.zocdoc.com/orthopedic-surgeons/davie-222723pm"
"Florida","Deerfield Beach","/orthopedic-surgeons/deerfield-beach-222955pm","https://www.zocdoc.com/orthopedic-surgeons/deerfield-beach-222955pm"
"Florida","Delray Beach","/orthopedic-surgeons/delray-beach-223033pm","https://www.zocdoc.com/orthopedic-surgeons/delray-beach-223033pm"
"Florida","Doral","/orthopedic-surgeons/doral-218369pm","https://www.zocdoc.com/orthopedic-surgeons/doral-218369pm"
"Florida","Florida Center, Orlando","/orthopedic-surgeons/florida-center-orlando-fl-228837pm","https://www.zocdoc.com/orthopedic-surgeons/florida-center-orlando-fl-228837pm"
"Florida","Fort Lauderdale","/orthopedic-surgeons/fort-lauderdale-222872pm","https://www.zocdoc.com/orthopedic-surgeons/fort-lauderdale-222872pm"
"Florida","Hialeah","/orthopedic-surgeons/hialeah-222720pm","https://www.zocdoc.com/orthopedic-surgeons/hialeah-222720pm"
"Florida","Hollywood","/orthopedic-surgeons/hollywood-222811pm","https://www.zocdoc.com/orthopedic-surgeons/hollywood-222811pm"
"Florida","Homestead","/orthopedic-surgeons/homestead-218317pm","https://www.zocdoc.com/orthopedic-surgeons/homestead-218317pm"
"Florida","Jupiter","/orthopedic-surgeons/jupiter-224342pm","https://www.zocdoc.com/orthopedic-surgeons/jupiter-224342pm"
"Florida","Kendall","/orthopedic-surgeons/kendall-fl-218360pm","https://www.zocdoc.com/orthopedic-surgeons/kendall-fl-218360pm"
"Florida","Kissimmee","/orthopedic-surgeons/kissimmee-228833pm","https://www.zocdoc.com/orthopedic-surgeons/kissimmee-228833pm"
"Florida","Lake Nona, Orlando","/orthopedic-surgeons/lake-nona-orlando-fl-229026pm","https://www.zocdoc.com/orthopedic-surgeons/lake-nona-orlando-fl-229026pm"
"Florida","Lake Worth","/orthopedic-surgeons/lake-worth-223085pm","https://www.zocdoc.com/orthopedic-surgeons/lake-worth-223085pm"
"Florida","Largo","/orthopedic-surgeons/largo-225576pm","https://www.zocdoc.com/orthopedic-surgeons/largo-225576pm"
"Florida","Miami","/orthopedic-surgeons/miami-218306pm","https://www.zocdoc.com/orthopedic-surgeons/miami-218306pm"
"Florida","Miami Beach","/orthopedic-surgeons/miami-beach-222974pm","https://www.zocdoc.com/orthopedic-surgeons/miami-beach-222974pm"
"Florida","Miami Gardens","/orthopedic-surgeons/miami-gardens-222745pm","https://www.zocdoc.com/orthopedic-surgeons/miami-gardens-222745pm"
"Florida","Miami Lakes","/orthopedic-surgeons/miami-lakes-222727pm","https://www.zocdoc.com/orthopedic-surgeons/miami-lakes-222727pm"
"Florida","Miramar","/orthopedic-surgeons/miramar-222712pm","https://www.zocdoc.com/orthopedic-surgeons/miramar-222712pm"
"Florida","North Miami Beach","/orthopedic-surgeons/north-miami-beach-222859pm","https://www.zocdoc.com/orthopedic-surgeons/north-miami-beach-222859pm"
"Florida","Orlando","/orthopedic-surgeons/orlando-228705pm","https://www.zocdoc.com/orthopedic-surgeons/orlando-228705pm"
"Florida","Palm Beach","/orthopedic-surgeons/palm-beach-223128pm","https://www.zocdoc.com/orthopedic-surgeons/palm-beach-223128pm"
"Florida","Palm Beach Gardens","/orthopedic-surgeons/palm-beach-gardens-222795pm","https://www.zocdoc.com/orthopedic-surgeons/palm-beach-gardens-222795pm"
"Florida","Palm Harbor","/orthopedic-surgeons/palm-harbor-225622pm","https://www.zocdoc.com/orthopedic-surgeons/palm-harbor-225622pm"
"Florida","Pembroke Pines","/orthopedic-surgeons/pembroke-pines-222713pm","https://www.zocdoc.com/orthopedic-surgeons/pembroke-pines-222713pm"
"Florida","Pinellas Park","/orthopedic-surgeons/pinellas-park-225662pm","https://www.zocdoc.com/orthopedic-surgeons/pinellas-park-225662pm"
"Florida","Plant City","/orthopedic-surgeons/plant-city-226426pm","https://www.zocdoc.com/orthopedic-surgeons/plant-city-226426pm"
"Florida","Plantation","/orthopedic-surgeons/plantation-222733pm","https://www.zocdoc.com/orthopedic-surgeons/plantation-222733pm"
"Florida","Pompano Beach","/orthopedic-surgeons/pompano-beach-222903pm","https://www.zocdoc.com/orthopedic-surgeons/pompano-beach-222903pm"
"Florida","Riverview","/orthopedic-surgeons/riverview-fl-226288pm","https://www.zocdoc.com/orthopedic-surgeons/riverview-fl-226288pm"
"Florida","Sarasota","/orthopedic-surgeons/sarasota-228070pm","https://www.zocdoc.com/orthopedic-surgeons/sarasota-228070pm"
"Florida","St Petersburg","/orthopedic-surgeons/st-petersburg-225657pm","https://www.zocdoc.com/orthopedic-surgeons/st-petersburg-225657pm"
"Florida","Sunrise","/orthopedic-surgeons/sunrise-222724pm","https://www.zocdoc.com/orthopedic-surgeons/sunrise-222724pm"
"Florida","Tamarac","/orthopedic-surgeons/tamarac-222752pm","https://www.zocdoc.com/orthopedic-surgeons/tamarac-222752pm"
"Florida","Tampa","/orthopedic-surgeons/tampa-225563pm","https://www.zocdoc.com/orthopedic-surgeons/tampa-225563pm"
"Florida","Wellington","/orthopedic-surgeons/wellington-fl-222726pm","https://www.zocdoc.com/orthopedic-surgeons/wellington-fl-222726pm"
"Florida","Wesley Chapel","/orthopedic-surgeons/wesley-chapel-226241pm","https://www.zocdoc.com/orthopedic-surgeons/wesley-chapel-226241pm"
"Florida","West Palm Beach","/orthopedic-surgeons/west-palm-beach-222856pm","https://www.zocdoc.com/orthopedic-surgeons/west-palm-beach-222856pm"
"Florida","Weston","/orthopedic-surgeons/weston-222711pm","https://www.zocdoc.com/orthopedic-surgeons/weston-222711pm"
"Georgia","Acworth","/orthopedic-surgeons/acworth-ga-218759pm","https://www.zocdoc.com/orthopedic-surgeons/acworth-ga-218759pm"
"Georgia","Alpharetta","/orthopedic-surgeons/alpharetta-219114pm","https://www.zocdoc.com/orthopedic-surgeons/alpharetta-219114pm"
"Georgia","Atlanta","/orthopedic-surgeons/atlanta-218712pm","https://www.zocdoc.com/orthopedic-surgeons/atlanta-218712pm"
"Georgia","Canton","/orthopedic-surgeons/canton-ga-218835pm","https://www.zocdoc.com/orthopedic-surgeons/canton-ga-218835pm"
"Georgia","Cumming","/orthopedic-surgeons/cumming-ga-219209pm","https://www.zocdoc.com/orthopedic-surgeons/cumming-ga-219209pm"
"Georgia","Dallas","/orthopedic-surgeons/dallas-ga-218724pm","https://www.zocdoc.com/orthopedic-surgeons/dallas-ga-218724pm"
"Georgia","Decatur","/orthopedic-surgeons/decatur-219130pm","https://www.zocdoc.com/orthopedic-surgeons/decatur-219130pm"
"Georgia","Douglasville","/orthopedic-surgeons/douglasville-ga-218742pm","https://www.zocdoc.com/orthopedic-surgeons/douglasville-ga-218742pm"
"Georgia","Duluth","/orthopedic-surgeons/duluth-219196pm","https://www.zocdoc.com/orthopedic-surgeons/duluth-219196pm"
"Georgia","Dunwoody","/orthopedic-surgeons/dunwoody-219111pm","https://www.zocdoc.com/orthopedic-surgeons/dunwoody-219111pm"
"Georgia","Gwinnett","/orthopedic-surgeons/gwinnett-ga-219163pm","https://www.zocdoc.com/orthopedic-surgeons/gwinnett-ga-219163pm"
"Georgia","Johns Creek","/orthopedic-surgeons/johns-creek-219158pm","https://www.zocdoc.com/orthopedic-surgeons/johns-creek-219158pm"
"Georgia","Kennesaw","/orthopedic-surgeons/kennesaw-218775pm","https://www.zocdoc.com/orthopedic-surgeons/kennesaw-218775pm"
"Georgia","Lawrenceville","/orthopedic-surgeons/lawrenceville-219236pm","https://www.zocdoc.com/orthopedic-surgeons/lawrenceville-219236pm"
"Georgia","Macon","/orthopedic-surgeons/macon-ga-275901pm","https://www.zocdoc.com/orthopedic-surgeons/macon-ga-275901pm"
"Georgia","Marietta","/orthopedic-surgeons/marietta-218789pm","https://www.zocdoc.com/orthopedic-surgeons/marietta-218789pm"
"Georgia","Norcross","/orthopedic-surgeons/norcross-ga-219182pm","https://www.zocdoc.com/orthopedic-surgeons/norcross-ga-219182pm"
"Georgia","Northside, Atlanta","/orthopedic-surgeons/northside-atlanta-ga-218883pm","https://www.zocdoc.com/orthopedic-surgeons/northside-atlanta-ga-218883pm"
"Georgia","Roswell","/orthopedic-surgeons/roswell-218973pm","https://www.zocdoc.com/orthopedic-surgeons/roswell-218973pm"
"Georgia","Sandy Springs","/orthopedic-surgeons/sandy-springs-218928pm","https://www.zocdoc.com/orthopedic-surgeons/sandy-springs-218928pm"
"Georgia","Smyrna","/orthopedic-surgeons/smyrna-ga-218822pm","https://www.zocdoc.com/orthopedic-surgeons/smyrna-ga-218822pm"
"Georgia","Snellville","/orthopedic-surgeons/snellville-ga-219233pm","https://www.zocdoc.com/orthopedic-surgeons/snellville-ga-219233pm"
"Georgia","Suwanee","/orthopedic-surgeons/suwanee-ga-219219pm","https://www.zocdoc.com/orthopedic-surgeons/suwanee-ga-219219pm"
"Georgia","Tucker","/orthopedic-surgeons/tucker-219172pm","https://www.zocdoc.com/orthopedic-surgeons/tucker-219172pm"
"Georgia","Woodstock","/orthopedic-surgeons/woodstock-218816pm","https://www.zocdoc.com/orthopedic-surgeons/woodstock-218816pm"
"Illinois","Arlington Heights","/orthopedic-surgeons/arlington-heights-210441pm","https://www.zocdoc.com/orthopedic-surgeons/arlington-heights-210441pm"
"Illinois","Aurora","/orthopedic-surgeons/aurora-il-243942pm","https://www.zocdoc.com/orthopedic-surgeons/aurora-il-243942pm"
"Illinois","Belleville","/orthopedic-surgeons/belleville-il-230608pm","https://www.zocdoc.com/orthopedic-surgeons/belleville-il-230608pm"
"Illinois","Chicago","/orthopedic-surgeons/chicago-210499pm","https://www.zocdoc.com/orthopedic-surgeons/chicago-210499pm"
"Illinois","Des Plaines","/orthopedic-surgeons/des-plaines-il-210502pm","https://www.zocdoc.com/orthopedic-surgeons/des-plaines-il-210502pm"
"Illinois","Elgin","/orthopedic-surgeons/elgin-il-243971pm","https://www.zocdoc.com/orthopedic-surgeons/elgin-il-243971pm"
"Illinois","Evanston","/orthopedic-surgeons/evanston-210793pm","https://www.zocdoc.com/orthopedic-surgeons/evanston-210793pm"
"Illinois","Joliet","/orthopedic-surgeons/joliet-210271pm","https://www.zocdoc.com/orthopedic-surgeons/joliet-210271pm"
"Illinois","Lakeview, Chicago","/orthopedic-surgeons/lakeview-210868pm","https://www.zocdoc.com/orthopedic-surgeons/lakeview-210868pm"
"Illinois","Lincoln Park, Chicago","/orthopedic-surgeons/lincoln-park-210920pm","https://www.zocdoc.com/orthopedic-surgeons/lincoln-park-210920pm"
"Illinois","Naperville","/orthopedic-surgeons/naperville-210284pm","https://www.zocdoc.com/orthopedic-surgeons/naperville-210284pm"
"Illinois","Oak Lawn","/orthopedic-surgeons/oak-lawn-il-210708pm","https://www.zocdoc.com/orthopedic-surgeons/oak-lawn-il-210708pm"
"Illinois","Oak Park","/orthopedic-surgeons/oak-park-il-210692pm","https://www.zocdoc.com/orthopedic-surgeons/oak-park-il-210692pm"
"Illinois","Orland Park","/orthopedic-surgeons/orland-park-210527pm","https://www.zocdoc.com/orthopedic-surgeons/orland-park-210527pm"
"Illinois","Schaumburg","/orthopedic-surgeons/schaumburg-210306pm","https://www.zocdoc.com/orthopedic-surgeons/schaumburg-210306pm"
"Illinois","Skokie","/orthopedic-surgeons/skokie-210737pm","https://www.zocdoc.com/orthopedic-surgeons/skokie-210737pm"
"Illinois","Tinley Park","/orthopedic-surgeons/tinley-park-210609pm","https://www.zocdoc.com/orthopedic-surgeons/tinley-park-210609pm"
"Kentucky","Florence","/orthopedic-surgeons/florence-ky-216520pm","https://www.zocdoc.com/orthopedic-surgeons/florence-ky-216520pm"
"Maryland","Baltimore","/orthopedic-surgeons/baltimore-9642pm","https://www.zocdoc.com/orthopedic-surgeons/baltimore-9642pm"
"Maryland","Bethesda","/orthopedic-surgeons/bethesda-26386pm","https://www.zocdoc.com/orthopedic-surgeons/bethesda-26386pm"
"Maryland","Bowie","/orthopedic-surgeons/bowie-22988pm","https://www.zocdoc.com/orthopedic-surgeons/bowie-22988pm"
"Maryland","Catonsville","/orthopedic-surgeons/catonsville-md-76022pm","https://www.zocdoc.com/orthopedic-surgeons/catonsville-md-76022pm"
"Maryland","College Park","/orthopedic-surgeons/college-park-53087pm","https://www.zocdoc.com/orthopedic-surgeons/college-park-53087pm"
"Maryland","Columbia","/orthopedic-surgeons/columbia-md-72762pm","https://www.zocdoc.com/orthopedic-surgeons/columbia-md-72762pm"
"Maryland","Ellicott City","/orthopedic-surgeons/ellicott-city-md-207287pm","https://www.zocdoc.com/orthopedic-surgeons/ellicott-city-md-207287pm"
"Maryland","Frederick","/orthopedic-surgeons/frederick-206376pm","https://www.zocdoc.com/orthopedic-surgeons/frederick-206376pm"
"Maryland","Gaithersburg","/orthopedic-surgeons/gaithersburg-67695pm","https://www.zocdoc.com/orthopedic-surgeons/gaithersburg-67695pm"
"Maryland","Germantown","/orthopedic-surgeons/germantown-md-39012pm","https://www.zocdoc.com/orthopedic-surgeons/germantown-md-39012pm"
"Maryland","Glen Burnie","/orthopedic-surgeons/glen-burnie-md-207976pm","https://www.zocdoc.com/orthopedic-surgeons/glen-burnie-md-207976pm"
"Maryland","Greenbelt","/orthopedic-surgeons/greenbelt-44815pm","https://www.zocdoc.com/orthopedic-surgeons/greenbelt-44815pm"
"Maryland","Hyattsville","/orthopedic-surgeons/hyattsville-41905pm","https://www.zocdoc.com/orthopedic-surgeons/hyattsville-41905pm"
"Maryland","Laurel","/orthopedic-surgeons/laurel-34443pm","https://www.zocdoc.com/orthopedic-surgeons/laurel-34443pm"
"Maryland","Owings Mills","/orthopedic-surgeons/owings-mills-md-18407pm","https://www.zocdoc.com/orthopedic-surgeons/owings-mills-md-18407pm"
"Maryland","Rockville","/orthopedic-surgeons/rockville-206659pm","https://www.zocdoc.com/orthopedic-surgeons/rockville-206659pm"
"Maryland","Silver Spring","/orthopedic-surgeons/silver-spring-md-84752pm","https://www.zocdoc.com/orthopedic-surgeons/silver-spring-md-84752pm"
"Maryland","Towson","/orthopedic-surgeons/towson-md-75915pm","https://www.zocdoc.com/orthopedic-surgeons/towson-md-75915pm"
"Maryland","Waldorf","/orthopedic-surgeons/waldorf-md-207262pm","https://www.zocdoc.com/orthopedic-surgeons/waldorf-md-207262pm"
"Massachusetts","Boston","/orthopedic-surgeons/boston-217701pm","https://www.zocdoc.com/orthopedic-surgeons/boston-217701pm"
"Massachusetts","Brookline","/orthopedic-surgeons/brookline-217962pm","https://www.zocdoc.com/orthopedic-surgeons/brookline-217962pm"
"Massachusetts","Cambridge","/orthopedic-surgeons/cambridge-217983pm","https://www.zocdoc.com/orthopedic-surgeons/cambridge-217983pm"
"Massachusetts","Framingham","/orthopedic-surgeons/framingham-217753pm","https://www.zocdoc.com/orthopedic-surgeons/framingham-217753pm"
"Massachusetts","Haverhill","/orthopedic-surgeons/haverhill-217967pm","https://www.zocdoc.com/orthopedic-surgeons/haverhill-217967pm"
"Massachusetts","Lowell","/orthopedic-surgeons/lowell-217812pm","https://www.zocdoc.com/orthopedic-surgeons/lowell-217812pm"
"Massachusetts","Malden","/orthopedic-surgeons/malden-ma-218108pm","https://www.zocdoc.com/orthopedic-surgeons/malden-ma-218108pm"
"Massachusetts","Medford","/orthopedic-surgeons/medford-218004pm","https://www.zocdoc.com/orthopedic-surgeons/medford-218004pm"
"Massachusetts","Newton","/orthopedic-surgeons/newton-ma-217873pm","https://www.zocdoc.com/orthopedic-surgeons/newton-ma-217873pm"
"Massachusetts","Quincy","/orthopedic-surgeons/quincy-218094pm","https://www.zocdoc.com/orthopedic-surgeons/quincy-218094pm"
"Massachusetts","Somerville","/orthopedic-surgeons/somerville-218019pm","https://www.zocdoc.com/orthopedic-surgeons/somerville-218019pm"
"Massachusetts","Waltham","/orthopedic-surgeons/waltham-217859pm","https://www.zocdoc.com/orthopedic-surgeons/waltham-217859pm"
"Michigan","Ann Arbor","/orthopedic-surgeons/ann-arbor-mi-275491pm","https://www.zocdoc.com/orthopedic-surgeons/ann-arbor-mi-275491pm"
"Michigan","Dearborn","/orthopedic-surgeons/dearborn-226630pm","https://www.zocdoc.com/orthopedic-surgeons/dearborn-226630pm"
"Michigan","Detroit","/orthopedic-surgeons/detroit-226474pm","https://www.zocdoc.com/orthopedic-surgeons/detroit-226474pm"
"Michigan","Farmington Hills","/orthopedic-surgeons/farmington-hills-226557pm","https://www.zocdoc.com/orthopedic-surgeons/farmington-hills-226557pm"
"Michigan","Livonia","/orthopedic-surgeons/livonia-226554pm","https://www.zocdoc.com/orthopedic-surgeons/livonia-226554pm"
"Michigan","Macomb","/orthopedic-surgeons/macomb-mi-226873pm","https://www.zocdoc.com/orthopedic-surgeons/macomb-mi-226873pm"
"Michigan","Royal Oak","/orthopedic-surgeons/royal-oak-226695pm","https://www.zocdoc.com/orthopedic-surgeons/royal-oak-226695pm"
"Michigan","Southfield","/orthopedic-surgeons/southfield-226618pm","https://www.zocdoc.com/orthopedic-surgeons/southfield-226618pm"
"Michigan","Sterling Heights","/orthopedic-surgeons/sterling-heights-226890pm","https://www.zocdoc.com/orthopedic-surgeons/sterling-heights-226890pm"
"Michigan","Troy","/orthopedic-surgeons/troy-mi-226697pm","https://www.zocdoc.com/orthopedic-surgeons/troy-mi-226697pm"
"Michigan","Warren","/orthopedic-surgeons/warren-226917pm","https://www.zocdoc.com/orthopedic-surgeons/warren-226917pm"
"Nebraska","Omaha","/orthopedic-surgeons/omaha-249781pm","https://www.zocdoc.com/orthopedic-surgeons/omaha-249781pm"
"Nevada","Henderson","/orthopedic-surgeons/henderson-230961pm","https://www.zocdoc.com/orthopedic-surgeons/henderson-230961pm"
"Nevada","Las Vegas","/orthopedic-surgeons/las-vegas-230940pm","https://www.zocdoc.com/orthopedic-surgeons/las-vegas-230940pm"
"Nevada","North Las Vegas","/orthopedic-surgeons/north-las-vegas-231001pm","https://www.zocdoc.com/orthopedic-surgeons/north-las-vegas-231001pm"
"Nevada","Summerlin, Las Vegas","/orthopedic-surgeons/summerlin-231080pm","https://www.zocdoc.com/orthopedic-surgeons/summerlin-231080pm"
"New Hampshire","Nashua","/orthopedic-surgeons/nashua-217739pm","https://www.zocdoc.com/orthopedic-surgeons/nashua-217739pm"
"New Jersey","Bayonne","/orthopedic-surgeons/bayonne-28075pm","https://www.zocdoc.com/orthopedic-surgeons/bayonne-28075pm"
"New Jersey","Brick Township","/orthopedic-surgeons/brick-township-nj-219379pm","https://www.zocdoc.com/orthopedic-surgeons/brick-township-nj-219379pm"
"New Jersey","Cherry Hill","/orthopedic-surgeons/cherry-hill-nj-38201pm","https://www.zocdoc.com/orthopedic-surgeons/cherry-hill-nj-38201pm"
"New Jersey","Clifton","/orthopedic-surgeons/clifton-75659pm","https://www.zocdoc.com/orthopedic-surgeons/clifton-75659pm"
"New Jersey","East Brunswick","/orthopedic-surgeons/east-brunswick-nj-21686pm","https://www.zocdoc.com/orthopedic-surgeons/east-brunswick-nj-21686pm"
"New Jersey","East Orange","/orthopedic-surgeons/east-orange-nj-30178pm","https://www.zocdoc.com/orthopedic-surgeons/east-orange-nj-30178pm"
"New Jersey","Edgewater","/orthopedic-surgeons/edgewater-nj-42204pm","https://www.zocdoc.com/orthopedic-surgeons/edgewater-nj-42204pm"
"New Jersey","Edison","/orthopedic-surgeons/edison-nj-24068pm","https://www.zocdoc.com/orthopedic-surgeons/edison-nj-24068pm"
"New Jersey","Elizabeth","/orthopedic-surgeons/elizabeth-44169pm","https://www.zocdoc.com/orthopedic-surgeons/elizabeth-44169pm"
"New Jersey","Englewood","/orthopedic-surgeons/englewood-nj-57968pm","https://www.zocdoc.com/orthopedic-surgeons/englewood-nj-57968pm"
"New Jersey","Fair Lawn","/orthopedic-surgeons/fair-lawn-nj-7234pm","https://www.zocdoc.com/orthopedic-surgeons/fair-lawn-nj-7234pm"
"New Jersey","Fort Lee","/orthopedic-surgeons/fort-lee-nj-30794pm","https://www.zocdoc.com/orthopedic-surgeons/fort-lee-nj-30794pm"
"New Jersey","Hackensack","/orthopedic-surgeons/hackensack-nj-6136pm","https://www.zocdoc.com/orthopedic-surgeons/hackensack-nj-6136pm"
"New Jersey","Hoboken","/orthopedic-surgeons/hoboken-36514pm","https://www.zocdoc.com/orthopedic-surgeons/hoboken-36514pm"
"New Jersey","Howell","/orthopedic-surgeons/howell-nj-46792pm","https://www.zocdoc.com/orthopedic-surgeons/howell-nj-46792pm"
"New Jersey","Jersey City","/orthopedic-surgeons/jersey-city-10956pm","https://www.zocdoc.com/orthopedic-surgeons/jersey-city-10956pm"
"New Jersey","Kearny","/orthopedic-surgeons/kearny-nj-44645pm","https://www.zocdoc.com/orthopedic-surgeons/kearny-nj-44645pm"
"New Jersey","Lakewood","/orthopedic-surgeons/lakewood-nj-25784pm","https://www.zocdoc.com/orthopedic-surgeons/lakewood-nj-25784pm"
"New Jersey","Linden","/orthopedic-surgeons/linden-nj-13373pm","https://www.zocdoc.com/orthopedic-surgeons/linden-nj-13373pm"
"New Jersey","Livingston","/orthopedic-surgeons/livingston-nj-49966pm","https://www.zocdoc.com/orthopedic-surgeons/livingston-nj-49966pm"
"New Jersey","Manalapan","/orthopedic-surgeons/manalapan-11913pm","https://www.zocdoc.com/orthopedic-surgeons/manalapan-11913pm"
"New Jersey","Middlesex","/orthopedic-surgeons/middlesex-nj-48099pm","https://www.zocdoc.com/orthopedic-surgeons/middlesex-nj-48099pm"
"New Jersey","Middletown","/orthopedic-surgeons/middletown-nj-14767pm","https://www.zocdoc.com/orthopedic-surgeons/middletown-nj-14767pm"
"New Jersey","Monroe","/orthopedic-surgeons/monroe-nj-10526pm","https://www.zocdoc.com/orthopedic-surgeons/monroe-nj-10526pm"
"New Jersey","Montclair","/orthopedic-surgeons/montclair-nj-66597pm","https://www.zocdoc.com/orthopedic-surgeons/montclair-nj-66597pm"
"New Jersey","Morristown","/orthopedic-surgeons/morristown-nj-14969pm","https://www.zocdoc.com/orthopedic-surgeons/morristown-nj-14969pm"
"New Jersey","New Brunswick","/orthopedic-surgeons/new-brunswick-nj-39362pm","https://www.zocdoc.com/orthopedic-surgeons/new-brunswick-nj-39362pm"
"New Jersey","New Jersey","/orthopedic-surgeons/new-jersey-nj-219385pm","https://www.zocdoc.com/orthopedic-surgeons/new-jersey-nj-219385pm"
"New Jersey","Newark","/orthopedic-surgeons/newark-nj-16332pm","https://www.zocdoc.com/orthopedic-surgeons/newark-nj-16332pm"
"New Jersey","North Bergen","/orthopedic-surgeons/north-bergen-nj-92236pm","https://www.zocdoc.com/orthopedic-surgeons/north-bergen-nj-92236pm"
"New Jersey","Nutley","/orthopedic-surgeons/nutley-nj-13315pm","https://www.zocdoc.com/orthopedic-surgeons/nutley-nj-13315pm"
"New Jersey","Old Bridge","/orthopedic-surgeons/old-bridge-nj-43680pm","https://www.zocdoc.com/orthopedic-surgeons/old-bridge-nj-43680pm"
"New Jersey","Paramus","/orthopedic-surgeons/paramus-nj-30394pm","https://www.zocdoc.com/orthopedic-surgeons/paramus-nj-30394pm"
"New Jersey","Parsippany","/orthopedic-surgeons/parsippany-nj-58149pm","https://www.zocdoc.com/orthopedic-surgeons/parsippany-nj-58149pm"
"New Jersey","Passaic","/orthopedic-surgeons/passaic-nj-20704pm","https://www.zocdoc.com/orthopedic-surgeons/passaic-nj-20704pm"
"New Jersey","Paterson","/orthopedic-surgeons/paterson-33380pm","https://www.zocdoc.com/orthopedic-surgeons/paterson-33380pm"
"New Jersey","Perth Amboy","/orthopedic-surgeons/perth-amboy-nj-42561pm","https://www.zocdoc.com/orthopedic-surgeons/perth-amboy-nj-42561pm"
"New Jersey","Piscataway","/orthopedic-surgeons/piscataway-nj-16942pm","https://www.zocdoc.com/orthopedic-surgeons/piscataway-nj-16942pm"
"New Jersey","Rahway","/orthopedic-surgeons/rahway-nj-4749pm","https://www.zocdoc.com/orthopedic-surgeons/rahway-nj-4749pm"
"New Jersey","Red Bank","/orthopedic-surgeons/red-bank-nj-9084pm","https://www.zocdoc.com/orthopedic-surgeons/red-bank-nj-9084pm"
"New Jersey","Ridgewood","/orthopedic-surgeons/ridgewood-nj-8133pm","https://www.zocdoc.com/orthopedic-surgeons/ridgewood-nj-8133pm"
"New Jersey","Sayreville","/orthopedic-surgeons/sayreville-13572pm","https://www.zocdoc.com/orthopedic-surgeons/sayreville-13572pm"
"New Jersey","Secaucus","/orthopedic-surgeons/secaucus-nj-4591pm","https://www.zocdoc.com/orthopedic-surgeons/secaucus-nj-4591pm"
"New Jersey","South Plainfield","/orthopedic-surgeons/south-plainfield-nj-42998pm","https://www.zocdoc.com/orthopedic-surgeons/south-plainfield-nj-42998pm"
"New Jersey","Teaneck","/orthopedic-surgeons/teaneck-nj-68597pm","https://www.zocdoc.com/orthopedic-surgeons/teaneck-nj-68597pm"
"New Jersey","Wayne","/orthopedic-surgeons/wayne-nj-15847pm","https://www.zocdoc.com/orthopedic-surgeons/wayne-nj-15847pm"
"New Jersey","West New York","/orthopedic-surgeons/west-new-york-nj-48137pm","https://www.zocdoc.com/orthopedic-surgeons/west-new-york-nj-48137pm"
"New Jersey","West Orange","/orthopedic-surgeons/west-orange-nj-18225pm","https://www.zocdoc.com/orthopedic-surgeons/west-orange-nj-18225pm"
"New Jersey","Westfield","/orthopedic-surgeons/westfield-nj-60991pm","https://www.zocdoc.com/orthopedic-surgeons/westfield-nj-60991pm"
"New Jersey","Woodbridge","/orthopedic-surgeons/woodbridge-nj-8419pm","https://www.zocdoc.com/orthopedic-surgeons/woodbridge-nj-8419pm"
"New York","Astoria, New York","/orthopedic-surgeons/astoria-new-york-ny-58639pm","https://www.zocdoc.com/orthopedic-surgeons/astoria-new-york-ny-58639pm"
"New York","Bay Ridge, New York","/orthopedic-surgeons/bay-ridge-13465pm","https://www.zocdoc.com/orthopedic-surgeons/bay-ridge-13465pm"
"New York","Bay Shore","/orthopedic-surgeons/bay-shore-ny-80553pm","https://www.zocdoc.com/orthopedic-surgeons/bay-shore-ny-80553pm"
"New York","Bayside, Queens","/orthopedic-surgeons/bayside-queens-ny-70438pm","https://www.zocdoc.com/orthopedic-surgeons/bayside-queens-ny-70438pm"
"New York","Bensonhurst, Brooklyn","/orthopedic-surgeons/bensonhurst-brooklyn-ny-6345pm","https://www.zocdoc.com/orthopedic-surgeons/bensonhurst-brooklyn-ny-6345pm"
"New York","Brentwood","/orthopedic-surgeons/brentwood-ny-67475pm","https://www.zocdoc.com/orthopedic-surgeons/brentwood-ny-67475pm"
"New York","Brighton Beach, Brooklyn","/orthopedic-surgeons/brighton-beach-brooklyn-ny-26017pm","https://www.zocdoc.com/orthopedic-surgeons/brighton-beach-brooklyn-ny-26017pm"
"New York","Bronx","/orthopedic-surgeons/bronx-213726pm","https://www.zocdoc.com/orthopedic-surgeons/bronx-213726pm"
"New York","Bronx, New York","/orthopedic-surgeons/bronx-new-york-ny-33656pm","https://www.zocdoc.com/orthopedic-surgeons/bronx-new-york-ny-33656pm"
"New York","Bronxville","/orthopedic-surgeons/bronxville-ny-6188pm","https://www.zocdoc.com/orthopedic-surgeons/bronxville-ny-6188pm"
"New York","Brooklyn","/orthopedic-surgeons/brooklyn-79621pm","https://www.zocdoc.com/orthopedic-surgeons/brooklyn-79621pm"
"New York","Brooklyn Heights, New York","/orthopedic-surgeons/brooklyn-heights-new-york-ny-88688pm","https://www.zocdoc.com/orthopedic-surgeons/brooklyn-heights-new-york-ny-88688pm"
"New York","Canarsie, Brooklyn","/orthopedic-surgeons/canarsie-brooklyn-ny-27047pm","https://www.zocdoc.com/orthopedic-surgeons/canarsie-brooklyn-ny-27047pm"
"New York","Chinatown, New York","/orthopedic-surgeons/chinatown-new-york-ny-42077pm","https://www.zocdoc.com/orthopedic-surgeons/chinatown-new-york-ny-42077pm"
"New York","Commack","/orthopedic-surgeons/commack-28541pm","https://www.zocdoc.com/orthopedic-surgeons/commack-28541pm"
"New York","Coney Island, Brooklyn","/orthopedic-surgeons/coney-island-brooklyn-ny-77773pm","https://www.zocdoc.com/orthopedic-surgeons/coney-island-brooklyn-ny-77773pm"
"New York","Corona, Queens","/orthopedic-surgeons/corona-queens-ny-63955pm","https://www.zocdoc.com/orthopedic-surgeons/corona-queens-ny-63955pm"
"New York","Deer Park","/orthopedic-surgeons/deer-park-ny-15485pm","https://www.zocdoc.com/orthopedic-surgeons/deer-park-ny-15485pm"
"New York","Downtown Brooklyn, Brooklyn","/orthopedic-surgeons/downtown-brooklyn-brooklyn-ny-42301pm","https://www.zocdoc.com/orthopedic-surgeons/downtown-brooklyn-brooklyn-ny-42301pm"
"New York","East Meadow","/orthopedic-surgeons/east-meadow-ny-15988pm","https://www.zocdoc.com/orthopedic-surgeons/east-meadow-ny-15988pm"
"New York","Elmhurst, Queens","/orthopedic-surgeons/elmhurst-queens-ny-213939pm","https://www.zocdoc.com/orthopedic-surgeons/elmhurst-queens-ny-213939pm"
"New York","Elmont","/orthopedic-surgeons/elmont-ny-69403pm","https://www.zocdoc.com/orthopedic-surgeons/elmont-ny-69403pm"
"New York","Far Rockaway, New York","/orthopedic-surgeons/far-rockaway-new-york-ny-12027pm","https://www.zocdoc.com/orthopedic-surgeons/far-rockaway-new-york-ny-12027pm"
"New York","Flushing, Queens","/orthopedic-surgeons/flushing-queens-ny-29598pm","https://www.zocdoc.com/orthopedic-surgeons/flushing-queens-ny-29598pm"
"New York","Forest Hills, Queens","/orthopedic-surgeons/forest-hills-queens-ny-32510pm","https://www.zocdoc.com/orthopedic-surgeons/forest-hills-queens-ny-32510pm"
"New York","Franklin Square","/orthopedic-surgeons/franklin-square-ny-2227pm","https://www.zocdoc.com/orthopedic-surgeons/franklin-square-ny-2227pm"
"New York","Freeport","/orthopedic-surgeons/freeport-941pm","https://www.zocdoc.com/orthopedic-surgeons/freeport-941pm"
"New York","Fresh Meadows, Queens","/orthopedic-surgeons/fresh-meadows-queens-ny-41550pm","https://www.zocdoc.com/orthopedic-surgeons/fresh-meadows-queens-ny-41550pm"
"New York","Garden City","/orthopedic-surgeons/garden-city-ny-91229pm","https://www.zocdoc.com/orthopedic-surgeons/garden-city-ny-91229pm"
"New York","Glen Cove","/orthopedic-surgeons/glen-cove-ny-24481pm","https://www.zocdoc.com/orthopedic-surgeons/glen-cove-ny-24481pm"
"New York","Great Neck","/orthopedic-surgeons/great-neck-54315pm","https://www.zocdoc.com/orthopedic-surgeons/great-neck-54315pm"
"New York","Greenpoint, New York","/orthopedic-surgeons/greenpoint-new-york-ny-94011pm","https://www.zocdoc.com/orthopedic-surgeons/greenpoint-new-york-ny-94011pm"
"New York","Harlem, New York","/orthopedic-surgeons/harlem-new-york-ny-62907pm","https://www.zocdoc.com/orthopedic-surgeons/harlem-new-york-ny-62907pm"
"New York","Hempstead","/orthopedic-surgeons/hempstead-30508pm","https://www.zocdoc.com/orthopedic-surgeons/hempstead-30508pm"
"New York","Hicksville","/orthopedic-surgeons/hicksville-ny-9252pm","https://www.zocdoc.com/orthopedic-surgeons/hicksville-ny-9252pm"
"New York","Howard Beach, New York","/orthopedic-surgeons/howard-beach-new-york-ny-7761pm","https://www.zocdoc.com/orthopedic-surgeons/howard-beach-new-york-ny-7761pm"
"New York","Huntington","/orthopedic-surgeons/huntington-6514pm","https://www.zocdoc.com/orthopedic-surgeons/huntington-6514pm"
"New York","Jackson Heights, Queens","/orthopedic-surgeons/jackson-heights-queens-ny-82389pm","https://www.zocdoc.com/orthopedic-surgeons/jackson-heights-queens-ny-82389pm"
"New York","Jamaica, Queens","/orthopedic-surgeons/jamaica-queens-ny-56092pm","https://www.zocdoc.com/orthopedic-surgeons/jamaica-queens-ny-56092pm"
"New York","Kingston","/orthopedic-surgeons/kingston-ny-45436pm","https://www.zocdoc.com/orthopedic-surgeons/kingston-ny-45436pm"
"New York","Lake Success","/orthopedic-surgeons/lake-success-26592pm","https://www.zocdoc.com/orthopedic-surgeons/lake-success-26592pm"
"New York","Lenox Hill, New York","/orthopedic-surgeons/lenox-hill-new-york-ny-58746pm","https://www.zocdoc.com/orthopedic-surgeons/lenox-hill-new-york-ny-58746pm"
"New York","Levittown","/orthopedic-surgeons/levittown-ny-73559pm","https://www.zocdoc.com/orthopedic-surgeons/levittown-ny-73559pm"
"New York","Lindenhurst","/orthopedic-surgeons/lindenhurst-ny-63746pm","https://www.zocdoc.com/orthopedic-surgeons/lindenhurst-ny-63746pm"
"New York","Long Beach","/orthopedic-surgeons/long-beach-ny-34290pm","https://www.zocdoc.com/orthopedic-surgeons/long-beach-ny-34290pm"
"New York","Long Island","/orthopedic-surgeons/long-island-222698pm","https://www.zocdoc.com/orthopedic-surgeons/long-island-222698pm"
"New York","Long Island City, New York","/orthopedic-surgeons/long-island-city-new-york-ny-90838pm","https://www.zocdoc.com/orthopedic-surgeons/long-island-city-new-york-ny-90838pm"
"New York","Manhasset","/orthopedic-surgeons/manhasset-11301pm","https://www.zocdoc.com/orthopedic-surgeons/manhasset-11301pm"
"New York","Manhattan, New York","/orthopedic-surgeons/manhattan-26605pm","https://www.zocdoc.com/orthopedic-surgeons/manhattan-26605pm"
"New York","Massapequa","/orthopedic-surgeons/massapequa-ny-48723pm","https://www.zocdoc.com/orthopedic-surgeons/massapequa-ny-48723pm"
"New York","Merrick","/orthopedic-surgeons/merrick-ny-46756pm","https://www.zocdoc.com/orthopedic-surgeons/merrick-ny-46756pm"
"New York","Middle Village, Queens","/orthopedic-surgeons/middle-village-queens-ny-28449pm","https://www.zocdoc.com/orthopedic-surgeons/middle-village-queens-ny-28449pm"
"New York","Middletown","/orthopedic-surgeons/middletown-ny-10940-1146pm","https://www.zocdoc.com/orthopedic-surgeons/middletown-ny-10940-1146pm"
"New York","Midtown East, New York","/orthopedic-surgeons/midtown-east-new-york-ny-32841pm","https://www.zocdoc.com/orthopedic-surgeons/midtown-east-new-york-ny-32841pm"
"New York","Mill Basin, Brooklyn","/orthopedic-surgeons/mill-basin-brooklyn-ny-60482pm","https://www.zocdoc.com/orthopedic-surgeons/mill-basin-brooklyn-ny-60482pm"
"New York","Mineola","/orthopedic-surgeons/mineola-ny-2280pm","https://www.zocdoc.com/orthopedic-surgeons/mineola-ny-2280pm"
"New York","Mount Vernon","/orthopedic-surgeons/mount-vernon-ny-244022pm","https://www.zocdoc.com/orthopedic-surgeons/mount-vernon-ny-244022pm"
"New York","Mt Sinai","/orthopedic-surgeons/mt-sinai-ny-219384pm","https://www.zocdoc.com/orthopedic-surgeons/mt-sinai-ny-219384pm"
"New York","New City","/orthopedic-surgeons/new-city-ny-42293pm","https://www.zocdoc.com/orthopedic-surgeons/new-city-ny-42293pm"
"New York","New Hyde Park","/orthopedic-surgeons/new-hyde-park-ny-74880pm","https://www.zocdoc.com/orthopedic-surgeons/new-hyde-park-ny-74880pm"
"New York","New Rochelle","/orthopedic-surgeons/new-rochelle-13277pm","https://www.zocdoc.com/orthopedic-surgeons/new-rochelle-13277pm"
"New York","New York","/orthopedic-surgeons/new-york-46063pm","https://www.zocdoc.com/orthopedic-surgeons/new-york-46063pm"
"New York","Newburgh","/orthopedic-surgeons/newburgh-ny-18722pm","https://www.zocdoc.com/orthopedic-surgeons/newburgh-ny-18722pm"
"New York","Oceanside","/orthopedic-surgeons/oceanside-ny-67601pm","https://www.zocdoc.com/orthopedic-surgeons/oceanside-ny-67601pm"
"New York","Park Slope, Brooklyn","/orthopedic-surgeons/park-slope-brooklyn-ny-93465pm","https://www.zocdoc.com/orthopedic-surgeons/park-slope-brooklyn-ny-93465pm"
"New York","Parkchester, Bronx","/orthopedic-surgeons/parkchester-bronx-ny-40503pm","https://www.zocdoc.com/orthopedic-surgeons/parkchester-bronx-ny-40503pm"
"New York","Peekskill","/orthopedic-surgeons/peekskill-ny-9069pm","https://www.zocdoc.com/orthopedic-surgeons/peekskill-ny-9069pm"
"New York","Plainview","/orthopedic-surgeons/plainview-ny-19632pm","https://www.zocdoc.com/orthopedic-surgeons/plainview-ny-19632pm"
"New York","Poughkeepsie","/orthopedic-surgeons/poughkeepsie-ny-485pm","https://www.zocdoc.com/orthopedic-surgeons/poughkeepsie-ny-485pm"
"New York","Queens","/orthopedic-surgeons/queens-213722pm","https://www.zocdoc.com/orthopedic-surgeons/queens-213722pm"
"New York","Rego Park, Queens","/orthopedic-surgeons/rego-park-queens-ny-213945pm","https://www.zocdoc.com/orthopedic-surgeons/rego-park-queens-ny-213945pm"
"New York","Richmond Hill, Queens","/orthopedic-surgeons/richmond-hill-queens-ny-47345pm","https://www.zocdoc.com/orthopedic-surgeons/richmond-hill-queens-ny-47345pm"
"New York","Ridgewood, New York","/orthopedic-surgeons/ridgewood-55080pm","https://www.zocdoc.com/orthopedic-surgeons/ridgewood-55080pm"
"New York","Riverdale, Bronx","/orthopedic-surgeons/riverdale-bronx-ny-29431pm","https://www.zocdoc.com/orthopedic-surgeons/riverdale-bronx-ny-29431pm"
"New York","Riverhead","/orthopedic-surgeons/riverhead-ny-58175pm","https://www.zocdoc.com/orthopedic-surgeons/riverhead-ny-58175pm"
"New York","Rockland County","/orthopedic-surgeons/rockland-county-ny-210262pm","https://www.zocdoc.com/orthopedic-surgeons/rockland-county-ny-210262pm"
"New York","Rockville Centre","/orthopedic-surgeons/rockville-centre-ny-59389pm","https://www.zocdoc.com/orthopedic-surgeons/rockville-centre-ny-59389pm"
"New York","Scarsdale","/orthopedic-surgeons/scarsdale-ny-56974pm","https://www.zocdoc.com/orthopedic-surgeons/scarsdale-ny-56974pm"
"New York","Sheepshead Bay, Brooklyn","/orthopedic-surgeons/sheepshead-bay-brooklyn-ny-25982pm","https://www.zocdoc.com/orthopedic-surgeons/sheepshead-bay-brooklyn-ny-25982pm"
"New York","Smithtown","/orthopedic-surgeons/smithtown-14936pm","https://www.zocdoc.com/orthopedic-surgeons/smithtown-14936pm"
"New York","South Ozone Park, Queens","/orthopedic-surgeons/south-ozone-park-queens-ny-23670pm","https://www.zocdoc.com/orthopedic-surgeons/south-ozone-park-queens-ny-23670pm"
"New York","Southampton","/orthopedic-surgeons/southampton-ny-55124pm","https://www.zocdoc.com/orthopedic-surgeons/southampton-ny-55124pm"
"New York","Staten Island","/orthopedic-surgeons/staten-island-40161pm","https://www.zocdoc.com/orthopedic-surgeons/staten-island-40161pm"
"New York","Stony Brook","/orthopedic-surgeons/stony-brook-ny-30441pm","https://www.zocdoc.com/orthopedic-surgeons/stony-brook-ny-30441pm"
"New York","Sunset Park, Brooklyn","/orthopedic-surgeons/sunset-park-brooklyn-ny-45656pm","https://www.zocdoc.com/orthopedic-surgeons/sunset-park-brooklyn-ny-45656pm"
"New York","Tribeca, New York","/orthopedic-surgeons/tribeca-new-york-ny-11824pm","https://www.zocdoc.com/orthopedic-surgeons/tribeca-new-york-ny-11824pm"
"New York","Upper East Side, New York","/orthopedic-surgeons/upper-east-side-new-york-ny-93417pm","https://www.zocdoc.com/orthopedic-surgeons/upper-east-side-new-york-ny-93417pm"
"New York","Upper West Side, New York","/orthopedic-surgeons/upper-west-side-new-york-ny-73488pm","https://www.zocdoc.com/orthopedic-surgeons/upper-west-side-new-york-ny-73488pm"
"New York","Valley Stream","/orthopedic-surgeons/valley-stream-76764pm","https://www.zocdoc.com/orthopedic-surgeons/valley-stream-76764pm"
"New York","West Babylon","/orthopedic-surgeons/west-babylon-ny-74702pm","https://www.zocdoc.com/orthopedic-surgeons/west-babylon-ny-74702pm"
"New York","West Islip","/orthopedic-surgeons/west-islip-ny-8221pm","https://www.zocdoc.com/orthopedic-surgeons/west-islip-ny-8221pm"
"New York","Westchester","/orthopedic-surgeons/westchester-new-york-59522pm","https://www.zocdoc.com/orthopedic-surgeons/westchester-new-york-59522pm"
"New York","White Plains","/orthopedic-surgeons/white-plains-66504pm","https://www.zocdoc.com/orthopedic-surgeons/white-plains-66504pm"
"New York","Whitestone, Queens","/orthopedic-surgeons/whitestone-queens-ny-9331pm","https://www.zocdoc.com/orthopedic-surgeons/whitestone-queens-ny-9331pm"
"New York","Williamsburg, New York","/orthopedic-surgeons/williamsburg-new-york-ny-23271pm","https://www.zocdoc.com/orthopedic-surgeons/williamsburg-new-york-ny-23271pm"
"New York","Woodside, Queens","/orthopedic-surgeons/woodside-queens-ny-94641pm","https://www.zocdoc.com/orthopedic-surgeons/woodside-queens-ny-94641pm"
"New York","Yonkers","/orthopedic-surgeons/yonkers-65083pm","https://www.zocdoc.com/orthopedic-surgeons/yonkers-65083pm"
"North Carolina","Cary","/orthopedic-surgeons/cary-250311pm","https://www.zocdoc.com/orthopedic-surgeons/cary-250311pm"
"North Carolina","Durham","/orthopedic-surgeons/durham-250733pm","https://www.zocdoc.com/orthopedic-surgeons/durham-250733pm"
"North Carolina","Raleigh","/orthopedic-surgeons/raleigh-249783pm","https://www.zocdoc.com/orthopedic-surgeons/raleigh-249783pm"
"Ohio","Cincinnati","/orthopedic-surgeons/cincinnati-216436pm","https://www.zocdoc.com/orthopedic-surgeons/cincinnati-216436pm"
"Ohio","Dayton","/orthopedic-surgeons/dayton-oh-275067pm","https://www.zocdoc.com/orthopedic-surgeons/dayton-oh-275067pm"
"Ohio","Kettering","/orthopedic-surgeons/kettering-oh-277466pm","https://www.zocdoc.com/orthopedic-surgeons/kettering-oh-277466pm"
"Pennsylvania","Allentown","/orthopedic-surgeons/allentown-pa-275250pm","https://www.zocdoc.com/orthopedic-surgeons/allentown-pa-275250pm"
"Pennsylvania","Center City, Philadelphia","/orthopedic-surgeons/center-city-philadelphia-pa-217312pm","https://www.zocdoc.com/orthopedic-surgeons/center-city-philadelphia-pa-217312pm"
"Pennsylvania","Lansdale","/orthopedic-surgeons/lansdale-217179pm","https://www.zocdoc.com/orthopedic-surgeons/lansdale-217179pm"
"Pennsylvania","Northeast Philadelphia, Philadelphia","/orthopedic-surgeons/northeast-philadelphia-philadelphia-pa-223733pm","https://www.zocdoc.com/orthopedic-surgeons/northeast-philadelphia-philadelphia-pa-223733pm"
"Pennsylvania","Philadelphia","/orthopedic-surgeons/philadelphia-216871pm","https://www.zocdoc.com/orthopedic-surgeons/philadelphia-216871pm"
"Pennsylvania","Scranton","/orthopedic-surgeons/scranton-pa-276366pm","https://www.zocdoc.com/orthopedic-surgeons/scranton-pa-276366pm"
"Pennsylvania","South Philadelphia, Philadelphia","/orthopedic-surgeons/south-philadelphia-philadelphia-pa-217260pm","https://www.zocdoc.com/orthopedic-surgeons/south-philadelphia-philadelphia-pa-217260pm"
"Texas","Allen","/orthopedic-surgeons/allen-211497pm","https://www.zocdoc.com/orthopedic-surgeons/allen-211497pm"
"Texas","Arlington","/orthopedic-surgeons/arlington-211096pm","https://www.zocdoc.com/orthopedic-surgeons/arlington-211096pm"
"Texas","Austin","/orthopedic-surgeons/austin-221873pm","https://www.zocdoc.com/orthopedic-surgeons/austin-221873pm"
"Texas","Baytown","/orthopedic-surgeons/baytown-216372pm","https://www.zocdoc.com/orthopedic-surgeons/baytown-216372pm"
"Texas","Boerne","/orthopedic-surgeons/boerne-225185pm","https://www.zocdoc.com/orthopedic-surgeons/boerne-225185pm"
"Texas","Burleson","/orthopedic-surgeons/burleson-211060pm","https://www.zocdoc.com/orthopedic-surgeons/burleson-211060pm"
"Texas","Carrollton","/orthopedic-surgeons/carrollton-211271pm","https://www.zocdoc.com/orthopedic-surgeons/carrollton-211271pm"
"Texas","Cedar Park","/orthopedic-surgeons/cedar-park-224558pm","https://www.zocdoc.com/orthopedic-surgeons/cedar-park-224558pm"
"Texas","Clear Lake, Houston","/orthopedic-surgeons/clear-lake-houston-tx-216240pm","https://www.zocdoc.com/orthopedic-surgeons/clear-lake-houston-tx-216240pm"
"Texas","Conroe","/orthopedic-surgeons/conroe-215835pm","https://www.zocdoc.com/orthopedic-surgeons/conroe-215835pm"
"Texas","Dallas","/orthopedic-surgeons/dallas-211240pm","https://www.zocdoc.com/orthopedic-surgeons/dallas-211240pm"
"Texas","Dallas-Fort Worth Metroplex","/orthopedic-surgeons/dallas-fort-worth-metroplex-219758pm","https://www.zocdoc.com/orthopedic-surgeons/dallas-fort-worth-metroplex-219758pm"
"Texas","Denton","/orthopedic-surgeons/denton-211104pm","https://www.zocdoc.com/orthopedic-surgeons/denton-211104pm"
"Texas","Flower Mound","/orthopedic-surgeons/flower-mound-211124pm","https://www.zocdoc.com/orthopedic-surgeons/flower-mound-211124pm"
"Texas","Forney","/orthopedic-surgeons/forney-tx-211658pm","https://www.zocdoc.com/orthopedic-surgeons/forney-tx-211658pm"
"Texas","Fort Worth","/orthopedic-surgeons/fort-worth-211063pm","https://www.zocdoc.com/orthopedic-surgeons/fort-worth-211063pm"
"Texas","Frisco","/orthopedic-surgeons/frisco-211296pm","https://www.zocdoc.com/orthopedic-surgeons/frisco-211296pm"
"Texas","Garland","/orthopedic-surgeons/garland-211515pm","https://www.zocdoc.com/orthopedic-surgeons/garland-211515pm"
"Texas","Grand Prairie","/orthopedic-surgeons/grand-prairie-211200pm","https://www.zocdoc.com/orthopedic-surgeons/grand-prairie-211200pm"
"Texas","Houston","/orthopedic-surgeons/houston-215108pm","https://www.zocdoc.com/orthopedic-surgeons/houston-215108pm"
"Texas","Humble","/orthopedic-surgeons/humble-tx-216126pm","https://www.zocdoc.com/orthopedic-surgeons/humble-tx-216126pm"
"Texas","Irving","/orthopedic-surgeons/irving-211220pm","https://www.zocdoc.com/orthopedic-surgeons/irving-211220pm"
"Texas","Katy","/orthopedic-surgeons/katy-215130pm","https://www.zocdoc.com/orthopedic-surgeons/katy-215130pm"
"Texas","Keller","/orthopedic-surgeons/keller-211102pm","https://www.zocdoc.com/orthopedic-surgeons/keller-211102pm"
"Texas","Kingwood, Houston","/orthopedic-surgeons/kingwood-houston-tx-216115pm","https://www.zocdoc.com/orthopedic-surgeons/kingwood-houston-tx-216115pm"
"Texas","League City","/orthopedic-surgeons/league-city-216182pm","https://www.zocdoc.com/orthopedic-surgeons/league-city-216182pm"
"Texas","Lewisville","/orthopedic-surgeons/lewisville-211172pm","https://www.zocdoc.com/orthopedic-surgeons/lewisville-211172pm"
"Texas","Mansfield","/orthopedic-surgeons/mansfield-tx-211150pm","https://www.zocdoc.com/orthopedic-surgeons/mansfield-tx-211150pm"
"Texas","McKinney","/orthopedic-surgeons/mckinney-211359pm","https://www.zocdoc.com/orthopedic-surgeons/mckinney-211359pm"
"Texas","Mesquite","/orthopedic-surgeons/mesquite-211529pm","https://www.zocdoc.com/orthopedic-surgeons/mesquite-211529pm"
"Texas","Midland","/orthopedic-surgeons/midland-tx-275507pm","https://www.zocdoc.com/orthopedic-surgeons/midland-tx-275507pm"
"Texas","Missouri City","/orthopedic-surgeons/missouri-city-215551pm","https://www.zocdoc.com/orthopedic-surgeons/missouri-city-215551pm"
"Texas","Odessa","/orthopedic-surgeons/odessa-tx-275798pm","https://www.zocdoc.com/orthopedic-surgeons/odessa-tx-275798pm"
"Texas","Pasadena","/orthopedic-surgeons/pasadena-tx-216174pm","https://www.zocdoc.com/orthopedic-surgeons/pasadena-tx-216174pm"
"Texas","Pearland","/orthopedic-surgeons/pearland-215895pm","https://www.zocdoc.com/orthopedic-surgeons/pearland-215895pm"
"Texas","Plano","/orthopedic-surgeons/plano-211335pm","https://www.zocdoc.com/orthopedic-surgeons/plano-211335pm"
"Texas","Richardson","/orthopedic-surgeons/richardson-211450pm","https://www.zocdoc.com/orthopedic-surgeons/richardson-211450pm"
"Texas","Rockwall","/orthopedic-surgeons/rockwall-211670pm","https://www.zocdoc.com/orthopedic-surgeons/rockwall-211670pm"
"Texas","Round Rock","/orthopedic-surgeons/round-rock-224818pm","https://www.zocdoc.com/orthopedic-surgeons/round-rock-224818pm"
"Texas","Rowlett","/orthopedic-surgeons/rowlett-211635pm","https://www.zocdoc.com/orthopedic-surgeons/rowlett-211635pm"
"Texas","San Antonio","/orthopedic-surgeons/san-antonio-225141pm","https://www.zocdoc.com/orthopedic-surgeons/san-antonio-225141pm"
"Texas","Schertz","/orthopedic-surgeons/schertz-225537pm","https://www.zocdoc.com/orthopedic-surgeons/schertz-225537pm"
"Texas","Spring","/orthopedic-surgeons/spring-tx-215932pm","https://www.zocdoc.com/orthopedic-surgeons/spring-tx-215932pm"
"Texas","Stone Oak, San Antonio","/orthopedic-surgeons/stone-oak-san-antonio-tx-225362pm","https://www.zocdoc.com/orthopedic-surgeons/stone-oak-san-antonio-tx-225362pm"
"Texas","Sugar Land","/orthopedic-surgeons/sugar-land-215393pm","https://www.zocdoc.com/orthopedic-surgeons/sugar-land-215393pm"
"Texas","The Woodlands","/orthopedic-surgeons/the-woodlands-215619pm","https://www.zocdoc.com/orthopedic-surgeons/the-woodlands-215619pm"
"Texas","Tomball","/orthopedic-surgeons/tomball-tx-215420pm","https://www.zocdoc.com/orthopedic-surgeons/tomball-tx-215420pm"
"Texas","Waxahachie","/orthopedic-surgeons/waxahachie-tx-211251pm","https://www.zocdoc.com/orthopedic-surgeons/waxahachie-tx-211251pm"
"Texas","Willowbrook, Houston","/orthopedic-surgeons/willowbrook-houston-tx-215644pm","https://www.zocdoc.com/orthopedic-surgeons/willowbrook-houston-tx-215644pm"
"Utah","Salt Lake City","/orthopedic-surgeons/salt-lake-city-249784pm","https://www.zocdoc.com/orthopedic-surgeons/salt-lake-city-249784pm"
"Utah","St. George","/orthopedic-surgeons/st-george-ut-276602pm","https://www.zocdoc.com/orthopedic-surgeons/st-george-ut-276602pm"
"Virginia","Alexandria","/orthopedic-surgeons/alexandria-55710pm","https://www.zocdoc.com/orthopedic-surgeons/alexandria-55710pm"
"Virginia","Arlington","/orthopedic-surgeons/arlington-va-43198pm","https://www.zocdoc.com/orthopedic-surgeons/arlington-va-43198pm"
"Virginia","Ashburn","/orthopedic-surgeons/ashburn-206427pm","https://www.zocdoc.com/orthopedic-surgeons/ashburn-206427pm"
"Virginia","Centreville","/orthopedic-surgeons/centreville-va-52750pm","https://www.zocdoc.com/orthopedic-surgeons/centreville-va-52750pm"
"Virginia","Chantilly","/orthopedic-surgeons/chantilly-va-20564pm","https://www.zocdoc.com/orthopedic-surgeons/chantilly-va-20564pm"
"Virginia","Fairfax","/orthopedic-surgeons/fairfax-206604pm","https://www.zocdoc.com/orthopedic-surgeons/fairfax-206604pm"
"Virginia","Falls Church","/orthopedic-surgeons/falls-church-61224pm","https://www.zocdoc.com/orthopedic-surgeons/falls-church-61224pm"
"Virginia","Herndon","/orthopedic-surgeons/herndon-36471pm","https://www.zocdoc.com/orthopedic-surgeons/herndon-36471pm"
"Virginia","Leesburg","/orthopedic-surgeons/leesburg-206373pm","https://www.zocdoc.com/orthopedic-surgeons/leesburg-206373pm"
"Virginia","Manassas","/orthopedic-surgeons/manassas-50441pm","https://www.zocdoc.com/orthopedic-surgeons/manassas-50441pm"
"Virginia","McLean","/orthopedic-surgeons/mclean-16320pm","https://www.zocdoc.com/orthopedic-surgeons/mclean-16320pm"
"Virginia","Reston","/orthopedic-surgeons/reston-va-88205pm","https://www.zocdoc.com/orthopedic-surgeons/reston-va-88205pm"
"Virginia","Springfield","/orthopedic-surgeons/springfield-va-47091pm","https://www.zocdoc.com/orthopedic-surgeons/springfield-va-47091pm"
"Virginia","Stafford","/orthopedic-surgeons/stafford-va-65339pm","https://www.zocdoc.com/orthopedic-surgeons/stafford-va-65339pm"
"Virginia","Sterling","/orthopedic-surgeons/sterling-11155pm","https://www.zocdoc.com/orthopedic-surgeons/sterling-11155pm"
"Virginia","Tysons Corner","/orthopedic-surgeons/tysons-corner-va-214150pm","https://www.zocdoc.com/orthopedic-surgeons/tysons-corner-va-214150pm"
"Virginia","Vienna","/orthopedic-surgeons/vienna-206615pm","https://www.zocdoc.com/orthopedic-surgeons/vienna-206615pm"
"Virginia","Woodbridge","/orthopedic-surgeons/woodbridge-va-48035pm","https://www.zocdoc.com/orthopedic-surgeons/woodbridge-va-48035pm"
