Task ID,Milestone,Task,Key Actions,Priority,Status,Estimate (hrs),Definition of Done,Owner,Notes
1,Scope & Architecture,Define scope and data model,"Confirm all /specialty categories; define providers, specialties, locations, relationships, observations, and sync runs; choose PostgreSQL",High,Complete,1.5,Scope and canonical entities documented,,Scope/data model documented in docs/all-specialties-architecture.md; PostgreSQL selected for production target.
2,Specialty Discovery,Build specialty catalog discovery,"Scrape /specialty; extract specialty name, URL/slug, and category type; store/update catalog",High,Complete,2.5,Specialty catalog can be rebuilt from Zocdoc,,"Added specialty catalog capture/parser, SQLite reconciliation, specialties.csv export, CLI command, and tests."
3,Collector Generalization,Generalize listing collector,Remove orthopedic-specific assumptions; support specialty x location targets; preserve pagination and resume behavior,High,Complete,4,Collector handles arbitrary specialties,,"Generic specialty listing URLs, pagination, specialty provenance, and controlled concurrency are implemented."
4,Specialty Discovery,Build specialty-location discovery,Extract published state/city/location pages per specialty; create crawl targets; retain specialty/location provenance,High,Complete,3,Crawl targets generated automatically per specialty,,Specialty landing pages are parsed into state/location crawl targets and seeded automatically into the listing queue.
5,Collector Generalization,Generalize listing trace,Extract provider appearances for all specialties; preserve raw observations; add specialty/location provenance; globally dedupe profile URLs,High,Complete,3,Trace supports all specialties with correct provenance,,Listing trace now carries listing_specialty_url/name/slug and exports provider_specialty_observations.csv.
6,Collector Generalization,Generalize profile collection,"Reuse profile parser; save each unique provider once; preserve provider IDs, NPI, locations, telemedicine, and availability",High,In Progress,2.5,Unique profile queue works across specialties,,Global profile dedupe remains in place; needs live smoke validation using providers discovered from multiple non-ortho specialties.
7,Database,Create PostgreSQL schema,"Create providers, specialties, provider_specialties, provider_locations, listing_observations, crawl_targets, sync_runs, and change-events tables",High,Not Started,4,Schema and migrations run cleanly,,
8,Database,Build database upsert layer,"Insert/update providers; upsert specialty and location relationships; track first_seen_at, last_seen_at, last_changed_at, is_active",High,Not Started,3.5,Repeated runs update records without creating duplicates,,
9,Daily Sync,Add change detection,"Generate deterministic hashes; detect added, changed, and removed providers, specialties, and locations; store change events",High,In Progress,4,Changes between runs are captured reliably,,Milestone 2.5 adds deterministic listing provider-set hashes and change timestamps; provider/entity-level change events still require PostgreSQL/daily sync.
10,Daily Sync,Add safe removal logic,Do not deactivate records from blocked/incomplete runs; reconcile only after successful runs; optionally require repeated absence,High,Not Started,2,Incomplete runs cannot create false removals,,
11,Daily Sync,Build daily sync command,Refresh specialties and targets; collect listings; rebuild trace; refresh profiles; upsert DB; reconcile; export summary,High,Not Started,3,Single command completes a full daily sync,,
12,Automation,Add scheduling,Document Windows Task Scheduler and Linux cron/systemd; add run lock; log scheduled runs,Medium,Not Started,2,Daily job can run unattended without overlapping itself,,
13,Reliability,Keep restriction handling,Preserve BLOCKED.flag; stop safely on restriction/verification; mark run incomplete; prevent removal reconciliation,High,Complete,1.5,Blocked run exits safely and preserves data integrity,,"Existing BLOCKED.flag restriction-stop behavior is preserved for catalog, specialty landing, listing, and profile collection."
14,Outputs,Build current-state exports,"Create providers_current.csv, provider_locations_current.csv, provider_specialties_current.csv, specialties.csv, and zip_coverage_by_specialty.csv",Medium,Not Started,2,Current database state can be exported cleanly,,
15,Outputs,Build daily change exports,"Create providers_added, providers_changed, providers_removed, and sync_run_summary outputs by date",Medium,Not Started,2,Each sync produces an auditable change report,,
16,Outputs,Add ZIP coverage outputs,Reuse ZIP-by-state logic; produce overall and per-specialty ZIP coverage; preserve leading zeroes,Medium,Not Started,1.5,ZIP outputs generated from collected provider locations,,
17,QA,Add QA checks,"Track specialty counts, unique providers, provider-location counts, duplicate IDs/NPIs, missing keys, parse failures, and incomplete specialties",High,In Progress,2.5,Each run produces a clear QA summary,,Milestone 2.5 adds capture/run performance QA metrics; broader data-quality checks still pending.
18,Testing,Add tests,"Add specialty discovery, listing parsing, provider dedupe, DB upsert, change detection, removal/reconciliation, and ZIP-output tests",High,In Progress,3.5,Automated tests cover critical pipeline behavior,,"Specialty-target, URL, queue-seeding, provider-set hash, performance-recorder, CLI timing-default, and rolling-pool tests added."
19,Package,Update CLI and package,"Generalize ortho-specific names; expose specialties, discover, listings, trace, profiles, reconcile, export, and daily commands",Medium,Complete,2.5,CLI supports granular and daily workflows,,Generic CLI plus specialty filters/concurrency/retry; Milestone 2.5 adds timing controls and perf-report.
20,Documentation,Update documentation,"Update README; add DB schema, scheduler, recovery/resume, data dictionary, and change-definition docs",Medium,In Progress,2.5,"New user can install, run, schedule, and troubleshoot the package",,README/release docs updated through Milestone 2.5; PostgreSQL/daily-sync/scheduler docs remain.
21,Initial Run,Run initial full collection,Run all specialties; monitor parser edge cases; complete listing/pagination targets; collect profiles; populate DB baseline,High,Not Started,TBD,Initial all-specialty baseline is complete,,
22,Validation,Validate first daily refresh,Run second sync; verify additions/changes/removals; check no false removals; compare DB counts before/after,High,Not Started,TBD,Second run proves reconciliation works correctly,,
23,Handoff,Final handoff,"Deliver source package, DB schema/migrations, scheduler setup, initial dataset/database, documentation, and QA summary",Medium,Not Started,2,Complete package and operational handoff delivered,,
24,Performance 2.5,Add crawl benchmark metrics,"Record per-page duration/status and run-level throughput, p50, p95, and configuration",High,Complete,1.5,Every collection run writes comparable performance metrics,,capture_performance.csv and crawl_run_metrics.csv implemented.
25,Performance 2.5,Make capture timing configurable,"Expose stagger, CLI poll, page readiness interval, stable checks, max wait, and controller poll",High,Complete,1.5,Timing can be tuned from CLI without editing extension code,,Runtime saver config endpoint plus CLI flags implemented.
26,Performance 2.5,Implement rolling worker pool,"Refill completed concurrency slots immediately for specialty pages, listings, and profiles",High,Complete,2,Fast workers do not idle behind slow pages in the same fixed batch,,Fixed-size batch waiting removed from main collectors.
27,Performance 2.5,Add listing provider-set hashes,Hash normalized provider URL membership per listing page and store change timestamp,High,Complete,1,Each saved listing has a deterministic membership hash,,Foundation for incremental daily reconciliation; no removals are triggered yet.
28,Performance 2.5,Benchmark concurrency and timing,"Run measured batches at concurrency 4, 6, and 8; compare throughput, p50/p95, timeouts, and completeness",High,Complete,1.5,Recommended production defaults selected from real-machine results,,Live benchmark: concurrency 4 = 30.7 pages/min (best observed); 6 = 20.8; 8 = 27.3. Keep 4 as single-browser baseline.
29,Performance 2.5,Measure pagination distribution and target overlap,Measure p50/p90/max pagination and provider overlap across nearby specialty/location targets,Medium,In Progress,1.5,Evidence shows whether daily target set can be safely reduced,,Pagination multiplier is stabilizing near ~3.6 additional pages per base target; geographic/provider overlap analysis remains pending.
30,Performance 2.5B,Add configurable saver ports/controller URLs,Allow each runner to use its own localhost port and controller URL; keep single-runner defaults,High,Complete,1.5,Multiple saver/controller instances can run concurrently on one machine,,Saver --host/--port/--runner-id and per-command --controller-url implemented.
31,Performance 2.5B,Automate persistent Chrome runner sessions,"Create persistent profile per runner; auto-launch Chrome, extension, and controller tab",High,Complete,2,runners start opens configured Chrome/controller sessions without manual tab opening,,runners init/start/status/stop implemented with persistent profiles under workspace/.runners.
32,Performance 2.5B,Add N-runner shared queue orchestration,Use atomic SQLite listing claims; run multiple collector child processes; keep per-runner logs/metrics,High,Complete,2.5,Multiple runners process distinct pending listing pages from one canonical queue,,multi-listings implemented; shared CSV exports deferred until batch completion.
33,Performance 2.5B,Add combined multi-runner performance report,Keep per-runner performance files and aggregate latest throughput and ETA,High,Complete,1,Combined throughput can be compared against single-browser baseline,,Use runners perf after a multi-listings batch.
34,Performance 2.5B,Benchmark 2+ browser sessions,"Run 2 x concurrency-4; compare combined throughput, p50/p95, timeouts; add third runner only if scaling remains positive",High,Ready for Live Test,1.5,Recommended local runner count selected from measured results,,Next live benchmark after dev5 package installation.
35,Storage 2.6,Make listing trace incremental,"Persist trace rows per listing; mark successfully parsed pages; rebuild trace outputs from SQLite rather than raw HTML",High,Complete,2.5,Parsed listing HTML can be removed without losing provider observations,,Implemented in 0.2.0.dev8 with durable trace_status metadata.
36,Storage 2.6,Add safe listing HTML cleanup,"Delete only listing HTML whose trace transaction has completed; add dry-run and optional parse-and-delete flow",High,Complete,1.5,Disk can be reclaimed without invalidating trace outputs,,cleanup-listing-html and trace --delete-html implemented.
37,Performance 2.6,Add atomic profile claims,"Claim pending doctor_profiles inside SQLite transaction; track owner/time/attempts; release claims on terminal states",High,Complete,2,Multiple profile processes cannot intentionally claim the same pending provider,,Atomic profile queue implemented and concurrency-tested.
38,Performance 2.6,Add stale profile recovery and multi-profile orchestration,"Recover abandoned opening claims; launch profile collectors across selected managed runners; avoid shared CSV writer races",High,Complete,2,Multiple profile runners can share one queue safely and recover from interrupted workers,,multi-profiles plus --runner selection implemented in 0.2.0.dev8.
